word,start,end,duration,score,pause_before
Good,9.869,9.989,0.12,0.366,0.0
"morning,",10.029,10.549,0.52,0.582,0.04
welcome,10.569,10.95,0.381,0.764,0.02
to,10.97,11.05,0.08,0.652,0.02
IBM,11.25,11.61,0.36,0.78,0.2
IELTS,11.77,12.05,0.28,0.564,0.16
Academy.,12.15,12.631,0.481,0.979,0.1
This,13.111,13.271,0.16,0.997,0.48
is,13.351,13.431,0.08,0.784,0.08
the,13.471,13.591,0.12,0.976,0.04
speaking,13.651,14.072,0.421,0.93,0.06
section,14.132,14.532,0.4,0.882,0.06
of,14.712,14.792,0.08,0.835,0.18
the,14.832,14.912,0.08,0.806,0.04
IELTS,15.072,15.392,0.32,0.62,0.16
exam.,15.452,15.873,0.421,0.75,0.06
The,16.053,16.133,0.08,0.819,0.18
interview,16.153,16.693,0.54,0.92,0.02
will,16.733,16.953,0.22,0.768,0.04
take,16.993,17.414,0.421,0.829,0.04
around,17.434,18.034,0.6,0.865,0.02
15,18.054,18.554,0.5,0.649,0.02
minutes.,18.614,18.935,0.321,0.855,0.06
I,19.135,19.175,0.04,0.977,0.2
will,19.195,19.375,0.18,0.784,0.02
ask,19.475,19.675,0.2,0.956,0.1
you,19.715,19.835,0.12,0.899,0.04
some,19.875,20.015,0.14,0.809,0.04
questions,20.075,20.556,0.481,0.896,0.06
in,20.616,20.716,0.1,0.751,0.06
three,20.996,21.216,0.22,0.818,0.28
"parts,",21.276,21.616,0.34,0.836,0.06
okay?,21.977,22.317,0.34,0.805,0.361
Examiner,23.237,23.778,0.541,0.869,0.92
is,23.878,23.958,0.08,0.918,0.1
Sarah,24.018,24.318,0.3,0.644,0.06
Parker,24.338,24.818,0.48,0.875,0.02
and,25.038,25.179,0.141,0.424,0.22
examiner,25.239,25.719,0.48,0.769,0.06
number,25.759,26.039,0.28,0.885,0.04
is,26.179,26.279,0.1,0.782,0.14
7-9-2-0-2-1.,26.299,26.619,0.32,0.895,0.02
Candidate,26.639,27.2,0.561,0.543,0.02
is,27.22,27.26,0.04,0.0,0.02
David,27.7,28.04,0.34,0.542,0.44
Smith,28.12,28.32,0.2,0.258,0.08
and,28.541,28.701,0.16,0.284,0.221
candidate,28.841,29.381,0.54,0.935,0.14
number,29.401,29.541,0.14,0.082,0.02
is,29.561,29.681,0.12,0.864,0.02
2-3-5-8-9.,29.721,30.002,0.281,0.694,0.04
May,30.022,30.082,0.06,0.002,0.02
I,30.102,30.122,0.02,0.0,0.02
see,30.162,30.382,0.22,0.786,0.04
your,30.402,30.742,0.34,0.379,0.02
ID,30.762,30.802,0.04,0.0,0.02
card?,30.842,31.062,0.22,0.908,0.04
Here,31.082,31.262,0.18,0.396,0.02
you,31.322,31.462,0.14,0.45,0.06
are.,31.522,31.623,0.101,0.588,0.06
Okay?,40.217,40.477,0.26,0.7,8.594
Thank,41.518,41.718,0.2,0.248,1.041
you.,41.738,42.018,0.28,0.774,0.02
What's,44.1,44.36,0.26,0.82,2.082
your,44.38,44.58,0.2,0.854,0.02
full,44.66,44.9,0.24,0.73,0.08
name?,44.94,45.201,0.261,0.659,0.04
My,47.102,47.242,0.14,0.998,1.901
name,47.302,47.482,0.18,0.934,0.06
is,47.562,49.123,1.561,0.658,0.08
David,49.244,49.724,0.48,0.839,0.121
and,49.944,50.044,0.1,0.926,0.22
my,50.204,50.344,0.14,0.836,0.16
last,50.424,50.685,0.261,0.898,0.08
name,50.705,50.905,0.2,0.825,0.02
is,50.985,51.285,0.3,0.588,0.08
Smith.,51.845,52.246,0.401,0.842,0.56
I'm,53.086,53.206,0.12,0.412,0.84
from,53.286,53.607,0.321,0.896,0.08
Sweden,53.987,55.068,1.081,0.739,0.38
and,55.088,57.61,2.522,0.581,0.02
I'm,58.49,58.67,0.18,0.809,0.88
27,58.79,59.031,0.241,0.718,0.12
years,59.131,60.332,1.201,0.748,0.1
old.,60.412,60.532,0.12,0.342,0.08
Okay.,60.912,61.412,0.5,0.779,0.38
Where,62.333,62.533,0.2,0.886,0.921
are,62.593,62.693,0.1,0.734,0.06
you,62.733,62.833,0.1,0.991,0.04
from?,62.953,63.354,0.401,0.917,0.12
I'm,64.354,64.475,0.121,0.233,1.0
from,64.515,65.175,0.66,0.828,0.04
Sweden.,65.535,65.916,0.381,0.645,0.36
Do,67.457,67.517,0.06,0.76,1.541
you,67.557,67.717,0.16,0.658,0.04
work,67.777,68.117,0.34,0.934,0.06
or,68.337,68.457,0.12,0.74,0.22
study?,68.618,68.998,0.38,0.925,0.161
I,70.598,70.698,0.1,0.796,1.6
study,70.778,71.318,0.54,0.908,0.08
for,71.819,75.501,3.682,0.934,0.501
English,75.661,76.002,0.341,0.625,0.16
language,76.042,76.502,0.46,0.869,0.04
for,76.862,77.102,0.24,0.701,0.36
IS,77.122,77.162,0.04,0.0,0.02
exam,77.783,78.243,0.46,0.768,0.621
and,78.924,79.444,0.52,0.781,0.681
I,79.684,79.784,0.1,0.799,0.24
like,79.804,80.065,0.261,0.916,0.02
to,80.105,80.365,0.26,0.99,0.04
immigrate,81.005,82.626,1.621,0.86,0.64
to,82.927,83.207,0.28,0.877,0.301
another,83.287,83.667,0.38,0.866,0.08
country.,83.747,87.29,3.543,0.956,0.08
Okay.,88.431,89.031,0.6,0.833,1.141
Do,90.432,90.532,0.1,0.965,1.401
you,90.552,90.672,0.12,0.828,0.02
have,90.732,90.932,0.2,0.889,0.06
any,91.053,91.233,0.18,0.792,0.121
job?,91.293,91.633,0.34,0.953,0.06
I,93.258,93.338,0.08,0.74,1.625
used,93.398,93.558,0.16,0.72,0.06
to,93.578,93.718,0.14,0.737,0.02
work,93.858,94.259,0.401,0.978,0.14
in,94.939,95.039,0.1,0.752,0.68
a,95.219,95.339,0.12,0.707,0.18
factory,95.459,96.059,0.6,0.911,0.12
that,97.12,97.34,0.22,0.917,1.061
is,97.44,97.56,0.12,0.975,0.1
homemade,97.58,99.161,1.581,0.542,0.02
"furniture,",99.181,100.101,0.92,0.583,0.02
but,100.121,100.241,0.12,0.248,0.02
now,100.621,100.921,0.3,0.771,0.38
I'm,101.061,101.221,0.16,0.606,0.14
used,101.341,101.521,0.18,0.418,0.12
to,101.562,101.762,0.2,0.71,0.041
study,101.782,103.242,1.46,0.473,0.02
foreign,103.522,103.722,0.2,0.222,0.28
language.,103.742,104.243,0.501,0.578,0.02
Did,120.245,120.505,0.26,0.844,16.002
you,120.546,120.686,0.14,0.826,0.041
treat,120.786,121.127,0.341,0.657,0.1
your,121.227,121.648,0.421,0.769,0.1
co-worker,122.049,122.911,0.862,0.707,0.401
as,122.931,122.972,0.041,0.004,0.02
well?,123.072,123.393,0.321,0.923,0.1
"Yes,",125.397,125.697,0.3,0.93,2.004
in,127.478,127.618,0.14,0.69,1.781
the,128.559,128.679,0.12,0.87,0.941
"quarter,",128.779,129.499,0.72,0.849,0.1
where,130.699,131.6,0.901,0.765,1.2
I,131.62,131.64,0.02,0.001,0.02
used,131.66,133.32,1.66,0.766,0.02
to,134.241,134.561,0.32,0.367,0.921
work,135.401,136.802,1.401,0.865,0.84
in,137.002,137.082,0.08,0.934,0.2
that,137.122,137.362,0.24,0.881,0.04
"place,",137.482,138.642,1.16,0.918,0.12
the,138.722,139.062,0.34,0.853,0.08
quarter,139.383,141.863,2.48,0.814,0.321
is,142.184,142.284,0.1,0.789,0.321
good,142.364,142.664,0.3,0.855,0.08
and,143.144,143.764,0.62,0.793,0.48
behave,146.465,147.366,0.901,0.944,2.701
very,147.606,147.806,0.2,0.564,0.24
well.,147.846,148.166,0.32,0.773,0.04
What,150.207,150.447,0.24,0.773,2.041
responsibilities,150.567,151.967,1.4,0.889,0.12
did,152.027,152.207,0.18,0.888,0.06
you,152.227,152.367,0.14,0.738,0.02
have,152.487,152.828,0.341,0.986,0.12
at,153.068,153.208,0.14,0.684,0.24
work?,153.348,153.748,0.4,0.87,0.14
I,158.598,158.718,0.12,0.897,4.85
have,158.818,159.238,0.42,0.939,0.1
many,159.298,159.638,0.34,0.873,0.06
responsibilities,159.878,161.018,1.14,0.788,0.24
at,161.159,161.259,0.1,0.99,0.141
work,161.339,161.919,0.58,0.647,0.08
and,162.519,162.919,0.4,0.879,0.6
you,163.879,164.019,0.14,0.63,0.96
can,164.039,164.559,0.52,0.853,0.02
do,164.739,165.86,1.121,0.882,0.18
everything,166.68,167.3,0.62,0.882,0.82
very,167.88,168.12,0.24,0.894,0.58
well,168.16,168.48,0.32,0.912,0.04
and,168.94,169.3,0.36,0.876,0.46
you,171.441,171.741,0.3,0.809,2.141
can't,171.821,172.521,0.7,0.869,0.08
break,173.962,174.342,0.38,0.801,1.441
anything,174.482,175.222,0.74,0.905,0.14
or,175.802,176.382,0.58,0.922,0.58
like,177.582,177.822,0.24,0.574,1.2
"this,",177.842,178.083,0.241,0.658,0.02
just,178.303,178.523,0.22,0.925,0.22
like,178.563,178.643,0.08,0.019,0.04
this.,178.763,179.843,1.08,0.608,0.12
Are,180.463,180.563,0.1,0.423,0.62
there,180.583,180.823,0.24,0.541,0.02
good,180.963,181.263,0.3,0.618,0.14
job,181.403,181.743,0.34,0.922,0.14
opportunities,181.923,183.104,1.181,0.86,0.18
in,183.264,183.344,0.08,0.944,0.16
your,183.404,183.624,0.22,0.822,0.06
country?,183.704,184.224,0.52,0.948,0.08
"Yes,",186.232,186.552,0.32,0.914,2.008
for,187.093,187.273,0.18,0.752,0.541
all,187.433,187.593,0.16,0.883,0.16
men,187.653,187.933,0.28,0.868,0.06
it's,187.953,188.974,1.021,0.552,0.02
clear,189.134,189.595,0.461,0.855,0.16
and,190.095,190.195,0.1,0.983,0.5
although,191.616,191.996,0.38,0.677,1.421
the,193.717,194.338,0.621,0.818,1.721
good,194.618,194.818,0.2,0.917,0.28
job,194.858,195.138,0.28,0.858,0.04
have,195.178,195.559,0.381,0.818,0.04
a,196.339,196.459,0.12,0.864,0.78
good,196.739,196.92,0.181,0.966,0.28
salary,196.98,197.44,0.46,0.926,0.06
and,197.54,197.64,0.1,0.751,0.1
income,197.66,197.84,0.18,0.194,0.02
for,197.86,197.92,0.06,0.0,0.02
co-worker,197.94,198.22,0.28,0.414,0.02
and,198.26,198.361,0.101,0.235,0.04
for,198.441,198.681,0.24,0.778,0.08
doing,198.701,199.421,0.72,0.391,0.02
very,199.661,199.801,0.14,0.184,0.24
well,199.902,200.002,0.1,0.123,0.101
for,200.022,200.082,0.06,0.0,0.02
co-worker,200.102,200.562,0.46,0.588,0.02
and,200.722,200.842,0.12,0.885,0.16
the,200.902,201.002,0.1,0.592,0.06
league.,201.022,201.182,0.16,0.283,0.02
"Okay,",210.768,211.248,0.48,0.829,9.586
very,211.308,211.529,0.221,0.873,0.06
good.,211.569,211.809,0.24,0.91,0.04
"So,",212.249,212.449,0.2,0.994,0.44
I'll,213.39,213.61,0.22,0.844,0.941
give,213.67,213.91,0.24,0.818,0.06
you,213.95,214.09,0.14,0.779,0.04
a,214.15,214.17,0.02,0.997,0.06
cue,214.27,214.49,0.22,0.893,0.1
card,214.531,214.871,0.34,0.765,0.041
and,215.111,215.211,0.1,0.813,0.24
you,215.271,215.431,0.16,0.821,0.06
have,215.471,215.651,0.18,0.805,0.04
one,215.851,215.971,0.12,0.613,0.2
minute,216.031,216.372,0.341,0.774,0.06
to,216.792,217.032,0.24,0.854,0.42
take,217.412,217.633,0.221,0.749,0.38
a,217.653,217.673,0.02,0.005,0.02
note,217.773,218.093,0.32,0.82,0.1
and,218.253,218.373,0.12,0.843,0.16
think,218.673,218.873,0.2,0.866,0.3
about,218.933,219.254,0.321,0.781,0.06
"it,",219.374,219.494,0.12,0.951,0.12
then,219.554,219.794,0.24,0.898,0.06
you,219.894,220.034,0.14,0.971,0.1
should,220.094,220.334,0.24,0.844,0.06
talk,220.935,221.295,0.36,0.674,0.601
around,221.315,221.635,0.32,0.656,0.02
two,221.735,221.915,0.18,0.919,0.1
"minutes,",221.955,222.296,0.341,0.778,0.04
okay?,222.556,222.896,0.34,0.784,0.26
It's,224.197,224.417,0.22,0.712,1.301
your,224.517,224.737,0.22,0.854,0.1
cue,224.897,225.137,0.24,0.794,0.16
card,225.177,225.518,0.341,0.76,0.04
and,227.619,227.739,0.12,0.722,2.101
you,227.759,227.859,0.1,0.992,0.02
can,227.899,228.079,0.18,0.886,0.04
take,228.119,228.339,0.22,0.8,0.04
a,228.359,228.379,0.02,0.005,0.02
note,228.46,228.72,0.26,0.949,0.081
here.,228.74,229.02,0.28,0.354,0.02
"Okay,",298.32,298.721,0.401,0.81,69.3
time's,298.921,299.202,0.281,0.798,0.2
up.,299.282,299.402,0.12,0.939,0.08
Would,300.163,300.283,0.12,0.897,0.761
you,300.304,300.404,0.1,0.793,0.021
please,300.424,300.684,0.26,0.816,0.02
give,300.744,300.965,0.221,0.386,0.06
it?,300.985,301.085,0.1,0.442,0.02
"Okay,",301.105,301.265,0.16,0.357,0.02
you,301.285,301.365,0.08,0.161,0.02
can,301.385,301.506,0.121,0.688,0.02
have,301.546,301.706,0.16,0.985,0.04
it.,301.766,301.866,0.1,0.944,0.06
All,303.008,303.128,0.12,0.408,1.142
"right,",303.148,303.389,0.241,0.866,0.02
now,303.569,303.689,0.12,0.833,0.18
you,303.729,303.85,0.121,0.832,0.04
may,303.87,303.99,0.12,0.753,0.02
talk.,304.03,304.29,0.26,0.6,0.04
My,306.408,306.568,0.16,0.874,2.118
best,306.628,306.889,0.261,0.961,0.06
friend,306.989,307.349,0.36,0.853,0.1
in,308.05,308.13,0.08,0.824,0.701
my,308.19,308.35,0.16,0.798,0.06
life,308.41,308.71,0.3,0.897,0.06
is,309.511,309.631,0.12,0.952,0.801
my,309.911,310.071,0.16,0.924,0.28
neighbor,310.152,310.672,0.52,0.848,0.081
and,311.172,313.495,2.323,0.833,0.5
I,313.955,314.035,0.08,0.962,0.46
have,314.095,314.375,0.28,0.789,0.06
known,315.216,315.636,0.42,0.783,0.841
with,315.977,316.557,0.58,0.764,0.341
him,316.657,316.878,0.221,0.742,0.1
at,317.578,317.958,0.38,0.782,0.7
university,318.099,318.899,0.8,0.797,0.141
and,319.38,321.281,1.901,0.779,0.481
I,321.301,321.321,0.02,0.001,0.02
feel,322.022,322.242,0.22,0.932,0.701
better,322.302,322.643,0.341,0.904,0.06
with,323.463,323.684,0.221,0.825,0.82
him,323.724,323.944,0.22,0.89,0.04
because,324.384,324.785,0.401,0.93,0.44
when,325.725,325.906,0.181,0.729,0.94
I'm,326.026,326.186,0.16,0.819,0.12
depressed,326.366,326.886,0.52,0.988,0.18
or,327.027,327.187,0.16,0.768,0.141
angry,327.207,327.907,0.7,0.816,0.02
I,328.348,328.508,0.16,0.641,0.441
go,329.509,329.689,0.18,0.899,1.001
out,329.869,330.209,0.34,0.832,0.18
with,330.329,330.53,0.201,0.918,0.12
him,330.57,330.71,0.14,0.995,0.04
and,331.17,331.69,0.52,0.737,0.46
I,332.071,332.551,0.48,0.831,0.381
prefer,332.871,333.351,0.48,0.938,0.32
to,333.411,333.712,0.301,0.932,0.06
have,333.972,334.272,0.3,0.802,0.26
a,334.892,334.972,0.08,0.712,0.62
good,335.152,335.332,0.18,0.96,0.18
time,335.372,335.613,0.241,0.755,0.04
with,335.673,335.853,0.18,0.97,0.06
him,335.913,336.093,0.18,0.864,0.06
because,336.813,337.293,0.48,0.916,0.72
he,337.333,337.414,0.081,0.106,0.04
feel,339.014,339.355,0.341,0.827,1.6
he,339.995,340.135,0.14,0.99,0.64
feel,340.175,340.395,0.22,0.84,0.04
me,340.415,340.515,0.1,0.97,0.02
better,340.555,340.875,0.32,0.88,0.04
and,340.995,341.096,0.101,0.877,0.12
helped,341.596,341.816,0.22,0.904,0.5
me,341.836,341.956,0.12,0.976,0.02
to,341.996,342.276,0.28,0.85,0.04
have,342.396,342.836,0.44,0.82,0.12
a,342.856,342.876,0.02,0.015,0.02
good,342.957,343.137,0.18,0.853,0.081
time,343.157,343.357,0.2,0.864,0.02
and,343.497,343.597,0.1,0.968,0.14
helped,343.857,344.097,0.24,0.928,0.26
me,344.117,344.237,0.12,0.932,0.02
in,344.537,344.617,0.08,0.991,0.3
some,344.677,344.878,0.201,0.982,0.06
situation,344.958,345.658,0.7,0.872,0.08
and,345.758,345.838,0.08,0.508,0.1
condition,345.918,346.538,0.62,0.901,0.08
and,347.199,347.299,0.1,0.907,0.661
I,351.641,351.721,0.08,0.758,4.342
can,351.741,352.001,0.26,0.83,0.02
go,352.101,352.261,0.16,1.0,0.1
out,352.441,352.621,0.18,0.831,0.18
with,352.721,352.921,0.2,0.94,0.1
him,352.981,353.201,0.22,0.786,0.06
and,353.621,354.361,0.74,0.891,0.42
doing,355.442,355.742,0.3,0.885,1.081
everything,355.902,356.542,0.64,0.868,0.16
in,357.102,357.282,0.18,0.915,0.56
their,357.302,357.702,0.4,0.625,0.02
"home,",357.762,358.683,0.921,0.67,0.06
in,358.883,359.023,0.14,0.83,0.2
his,359.443,359.643,0.2,0.925,0.42
"home,",359.723,359.943,0.22,0.829,0.08
and,360.463,361.103,0.64,0.873,0.52
go,362.904,363.104,0.2,0.995,1.801
out,363.284,363.444,0.16,0.945,0.18
to,363.464,363.504,0.04,0.0,0.02
park,363.564,363.864,0.3,0.426,0.06
or,363.884,363.924,0.04,0.0,0.02
go,364.164,364.204,0.04,0.002,0.24
shopping,364.224,364.424,0.2,0.084,0.02
with,364.444,365.264,0.82,0.462,0.02
him.,365.284,365.464,0.18,0.57,0.02
I,380.137,380.217,0.08,0.797,14.673
can,380.257,380.717,0.46,0.792,0.04
buy,381.678,381.898,0.22,0.776,0.961
anything,382.018,382.878,0.86,0.914,0.12
with,383.258,383.518,0.26,0.867,0.38
him,383.558,383.818,0.26,0.882,0.04
and,384.118,386.079,1.961,0.941,0.3
do,386.379,386.639,0.26,0.934,0.3
some,386.739,386.939,0.2,0.986,0.1
hobbies,386.999,388.379,1.38,0.914,0.06
like,388.459,388.999,0.54,0.852,0.08
play,389.119,389.519,0.4,0.897,0.12
computer,389.899,390.42,0.521,0.922,0.38
games,390.46,390.78,0.32,0.863,0.04
or,390.94,391.08,0.14,0.79,0.16
play,391.24,392.54,1.3,0.853,0.16
some,393.16,393.38,0.22,0.951,0.62
hobbies,393.42,393.78,0.36,0.869,0.04
like,393.86,394.12,0.26,0.936,0.08
soccer,394.16,394.38,0.22,0.286,0.04
and,395.461,395.561,0.1,0.414,1.081
other,395.761,396.121,0.36,0.716,0.2
things.,396.281,396.521,0.24,0.247,0.16
Thank,401.662,401.883,0.221,0.876,5.141
you.,401.903,402.103,0.2,0.989,0.02
Do,402.123,402.164,0.041,0.0,0.02
you,403.106,403.247,0.141,0.64,0.942
want,403.367,403.748,0.381,0.794,0.12
to,404.149,404.33,0.181,0.769,0.401
have,404.43,404.711,0.281,0.886,0.1
a,404.731,404.751,0.02,0.0,0.02
few,405.313,405.634,0.321,0.842,0.562
best,405.814,406.175,0.361,0.937,0.18
friends,406.316,406.717,0.401,0.729,0.141
or,406.978,407.078,0.1,0.641,0.261
a,407.259,407.299,0.04,0.505,0.181
lot,407.419,407.68,0.261,0.991,0.12
of,407.74,407.82,0.08,0.668,0.06
friends?,408.181,408.603,0.422,0.872,0.361
In,410.804,410.864,0.06,0.968,2.201
my,410.924,411.084,0.16,0.751,0.06
"opinion,",411.144,411.584,0.44,0.808,0.06
I,412.865,412.965,0.1,0.935,1.281
have,413.046,413.266,0.22,0.974,0.081
a,413.326,413.426,0.1,0.661,0.06
few,414.887,415.127,0.24,0.981,1.461
friends,415.307,415.688,0.381,0.737,0.18
who,415.828,416.108,0.28,0.967,0.14
are,416.669,417.89,1.221,0.715,0.561
loyal,418.05,418.55,0.5,0.949,0.16
and,418.991,419.771,0.78,0.749,0.441
help,420.051,420.332,0.281,0.892,0.28
you,420.472,420.772,0.3,0.946,0.14
in,421.493,421.573,0.08,0.87,0.721
some,421.633,421.833,0.2,0.787,0.06
situation,422.093,422.674,0.581,0.836,0.26
or,422.794,422.874,0.08,0.992,0.12
doing,424.956,425.756,0.8,0.554,2.082
everything,425.896,426.757,0.861,0.845,0.14
that,427.458,427.638,0.18,0.892,0.701
you,427.678,427.898,0.22,0.853,0.04
like,427.938,428.338,0.4,0.736,0.04
is,429.359,429.499,0.14,0.752,1.021
much,430.06,430.28,0.22,0.767,0.561
better,430.36,430.68,0.32,0.756,0.08
than,430.741,430.961,0.22,0.942,0.061
you,431.821,432.262,0.441,0.861,0.86
had,432.422,432.602,0.18,0.919,0.16
a,432.702,432.782,0.08,0.409,0.1
lot,432.842,433.042,0.2,0.546,0.06
of,433.183,433.223,0.04,0.0,0.141
friends,433.243,433.523,0.28,0.276,0.02
or,433.623,433.763,0.14,0.802,0.1
people.,434.043,434.223,0.18,0.423,0.28
If,440.773,440.873,0.1,0.967,6.55
you,440.933,441.114,0.181,0.861,0.06
had,441.154,441.395,0.241,0.823,0.04
a,441.455,441.475,0.02,0.998,0.06
"problem,",441.615,442.257,0.642,0.885,0.14
would,443.079,443.279,0.2,0.98,0.822
you,443.319,443.46,0.141,0.891,0.04
go,443.52,443.7,0.18,0.907,0.06
to,443.801,443.881,0.08,0.998,0.101
your,443.941,444.101,0.16,0.713,0.06
friends,444.302,444.803,0.501,0.798,0.201
or,445.304,445.425,0.121,0.645,0.501
family,445.645,446.227,0.582,0.848,0.22
and,446.748,446.888,0.14,0.784,0.521
why?,447.009,447.329,0.32,0.891,0.121
If,449.046,449.126,0.08,0.918,1.717
I,449.206,449.286,0.08,0.825,0.08
have,449.326,449.506,0.18,0.764,0.04
a,449.546,449.586,0.04,0.413,0.04
"problem,",450.047,451.027,0.98,0.837,0.461
I,451.307,451.408,0.101,0.796,0.28
prefer,451.448,451.988,0.54,0.892,0.04
or,452.168,455.69,3.522,0.806,0.18
I'd,456.05,456.511,0.461,0.755,0.36
like,456.571,456.811,0.24,0.898,0.06
to,456.851,457.131,0.28,0.976,0.04
"go,",457.511,457.811,0.3,0.949,0.38
I'd,458.292,458.412,0.12,0.68,0.481
like,458.472,458.672,0.2,0.864,0.06
to,458.712,459.052,0.34,0.912,0.04
stay,459.592,459.853,0.261,0.832,0.54
with,459.893,460.033,0.14,0.981,0.04
my,460.113,460.273,0.16,0.892,0.08
families,460.393,460.993,0.6,0.888,0.12
and,461.474,462.234,0.76,0.863,0.481
have,465.356,465.716,0.36,0.755,3.122
some,465.796,466.016,0.22,0.939,0.08
solution,466.357,466.937,0.58,0.923,0.341
for,467.577,467.837,0.26,0.729,0.64
solving,467.958,469.058,1.1,0.725,0.121
these,469.118,469.338,0.22,0.873,0.06
problems,469.418,470.059,0.641,0.857,0.08
and,470.259,470.379,0.12,0.899,0.2
some,470.439,471.24,0.801,0.77,0.06
change,471.26,471.54,0.28,0.52,0.02
for,471.56,471.72,0.16,0.295,0.02
helping,477.083,477.624,0.541,0.851,5.363
me,477.704,477.924,0.22,0.814,0.08
in,478.124,478.224,0.1,0.913,0.2
some,478.964,479.185,0.221,0.702,0.74
difficulties,479.225,480.085,0.86,0.838,0.04
and,480.986,481.166,0.18,0.887,0.901
sometimes,481.186,482.707,1.521,0.581,0.02
friends,482.727,483.107,0.38,0.427,0.02
can,483.127,483.347,0.22,0.307,0.02
help,483.367,483.487,0.12,0.314,0.02
you,483.607,483.848,0.241,0.293,0.12
in,483.868,483.908,0.04,0.17,0.02
some,483.948,484.128,0.18,0.318,0.04
situation,484.148,484.328,0.18,0.012,0.02
but,484.348,484.408,0.06,0.0,0.02
not,484.428,484.488,0.06,0.01,0.02
really,484.508,484.628,0.12,0.004,0.02
that.,484.908,485.068,0.16,0.336,0.28
Do,500.921,500.961,0.04,0.015,15.853
you,500.981,501.121,0.14,0.569,0.02
think,501.201,501.521,0.32,0.904,0.08
it's,501.702,501.822,0.12,0.934,0.181
always,502.082,502.522,0.44,0.839,0.26
better,502.682,503.063,0.381,0.836,0.16
to,503.143,503.243,0.1,0.916,0.08
talk,503.323,503.643,0.32,0.942,0.08
to,503.703,503.763,0.06,0.924,0.06
your,503.803,503.943,0.14,0.818,0.04
friends,504.123,504.524,0.401,0.788,0.18
about,504.744,505.224,0.48,0.881,0.22
your,505.625,505.825,0.2,0.888,0.401
problems?,505.905,506.565,0.66,0.845,0.08
Can,509.447,509.828,0.381,0.638,2.882
you,510.068,510.508,0.44,0.721,0.24
repeat,510.588,510.868,0.28,0.834,0.08
again?,510.888,511.089,0.201,0.351,0.02
Yes.,511.329,511.669,0.34,0.9,0.24
Do,512.29,512.37,0.08,0.825,0.621
you,512.39,512.53,0.14,0.874,0.02
think,512.59,512.95,0.36,0.878,0.06
it's,513.15,513.31,0.16,0.904,0.2
always,513.711,514.331,0.62,0.691,0.401
better,514.551,514.952,0.401,0.785,0.22
to,514.972,515.012,0.04,0.0,0.02
talk,516.172,516.493,0.321,0.921,1.16
to,516.513,516.553,0.04,0.006,0.02
your,516.773,516.973,0.2,0.875,0.22
friends,517.173,517.694,0.521,0.805,0.2
about,518.014,518.474,0.46,0.914,0.32
your,518.554,518.734,0.18,0.852,0.08
problems?,518.814,519.375,0.561,0.879,0.08
I,520.828,520.868,0.04,0.999,1.453
told,520.928,521.149,0.221,0.905,0.06
you,521.189,521.409,0.22,0.979,0.04
in,522.83,522.93,0.1,0.982,1.421
some,522.99,523.23,0.24,0.988,0.06
"situation,",523.65,524.411,0.761,0.905,0.42
"yes,",525.492,525.732,0.24,0.952,1.081
but,526.252,526.733,0.481,0.858,0.52
for,526.833,526.973,0.14,0.992,0.1
always,527.053,527.453,0.4,0.852,0.08
it's,528.054,528.174,0.12,0.412,0.601
not,528.334,528.594,0.26,0.891,0.16
good,528.674,528.934,0.26,0.671,0.08
because,529.355,530.215,0.86,0.91,0.421
it's,531.516,532.037,0.521,0.761,1.301
better,533.257,533.638,0.381,0.93,1.22
to,533.658,534.498,0.84,0.906,0.02
say,535.499,536.38,0.881,0.825,1.001
for,536.92,537.28,0.36,0.812,0.54
some,537.481,538.541,1.06,0.901,0.201
people,538.581,538.922,0.341,0.936,0.04
who,538.942,539.002,0.06,0.0,0.02
have,539.402,539.742,0.34,0.608,0.4
experience,539.762,540.323,0.561,0.42,0.02
in,540.403,540.483,0.08,0.488,0.08
that,540.503,540.723,0.22,0.609,0.02
situation,540.743,541.023,0.28,0.202,0.02
and,541.063,541.203,0.14,0.578,0.04
you,541.283,541.483,0.2,0.72,0.08
can,541.524,541.644,0.12,0.554,0.041
and,548.088,548.228,0.14,0.784,6.444
you,548.768,550.789,2.021,0.871,0.54
can,551.009,551.309,0.3,0.712,0.22
have,551.369,552.01,0.641,0.912,0.06
some,552.33,553.57,1.24,0.895,0.32
good,554.05,554.27,0.22,0.894,0.48
results,554.33,554.951,0.621,0.734,0.06
in,555.291,555.371,0.08,0.996,0.34
this,555.411,555.691,0.28,0.859,0.04
situation,555.891,556.671,0.78,0.844,0.2
and,557.431,559.932,2.501,0.871,0.76
so,560.172,560.493,0.321,0.972,0.24
it,560.733,563.294,2.561,0.79,0.24
helps,563.734,564.014,0.28,0.724,0.44
you,564.054,564.214,0.16,0.997,0.04
to,564.274,564.514,0.24,0.836,0.06
have,564.654,565.014,0.36,0.83,0.14
good,565.154,565.594,0.44,0.909,0.14
results,565.714,566.535,0.821,0.788,0.12
or,566.555,566.615,0.06,0.001,0.02
benefits.,568.475,569.056,0.581,0.877,1.86
Is,571.376,571.456,0.08,0.857,2.32
it,571.516,571.616,0.1,0.784,0.06
necessary,571.757,572.597,0.84,0.891,0.141
to,573.017,573.157,0.14,0.852,0.42
have,573.237,573.477,0.24,0.872,0.08
friends,573.697,574.157,0.46,0.85,0.22
from,574.397,574.618,0.221,0.618,0.24
other,574.838,575.058,0.22,0.895,0.22
countries,575.178,575.778,0.6,0.891,0.12
"Yes,",577.3,577.6,0.3,0.915,1.522
it's,577.82,578.361,0.541,0.498,0.22
necessary,578.461,579.101,0.64,0.887,0.1
because,579.482,579.882,0.4,0.895,0.381
when,579.902,581.783,1.881,0.679,0.02
you,583.644,584.665,1.021,0.739,1.861
can,584.685,584.885,0.2,0.837,0.02
have,585.225,585.706,0.481,0.858,0.34
some,586.386,586.646,0.26,0.977,0.68
goals,586.967,587.267,0.3,0.69,0.321
or,587.367,587.487,0.12,0.756,0.1
aims,587.647,587.867,0.22,0.912,0.16
in,589.228,589.388,0.16,0.982,1.361
foreign,589.909,590.229,0.32,0.771,0.521
"country,",590.289,590.769,0.48,0.946,0.06
he,591.95,592.15,0.2,0.919,1.181
or,592.25,592.37,0.12,0.867,0.1
she,592.53,592.891,0.361,0.74,0.16
or,593.131,593.251,0.12,0.811,0.24
there,593.311,593.591,0.28,0.45,0.06
can,594.472,594.952,0.48,0.823,0.881
help,595.052,595.352,0.3,0.856,0.1
you,595.412,595.653,0.241,0.952,0.06
in,596.113,596.193,0.08,0.894,0.46
some,596.253,596.453,0.2,0.915,0.06
situation,596.533,597.074,0.541,0.958,0.08
and,597.154,597.594,0.44,0.716,0.08
you,597.714,598.094,0.38,0.913,0.12
can,598.214,598.835,0.621,0.485,0.12
some,599.915,600.196,0.281,0.891,1.08
speaking,602.958,603.358,0.4,0.884,2.762
or,603.478,603.598,0.12,0.802,0.12
talking,603.658,604.018,0.36,0.833,0.06
about,604.118,604.378,0.26,0.795,0.1
your,604.859,605.099,0.24,0.876,0.481
problems,605.179,605.799,0.62,0.868,0.08
with,605.879,606.1,0.221,0.876,0.08
him,606.16,606.34,0.18,0.971,0.06
Okay.,609.198,609.599,0.401,0.681,2.858
Thank,610.32,610.581,0.261,0.899,0.721
you.,610.601,610.861,0.26,0.655,0.02
That,611.102,611.302,0.2,0.948,0.241
is,611.362,611.463,0.101,0.639,0.06
the,611.483,611.563,0.08,0.878,0.02
end,611.603,611.743,0.14,0.903,0.04
of,611.783,611.843,0.06,0.749,0.04
your,611.883,612.124,0.241,0.899,0.04
speaking,612.204,612.605,0.401,0.989,0.08
test.,612.685,612.985,0.3,0.729,0.08
Thank,613.446,613.667,0.221,0.429,0.461
you.,613.707,613.807,0.1,0.38,0.04
"Alright,",623.768,624.148,0.38,0.731,9.961
so,624.789,624.989,0.2,0.92,0.641
I,625.429,625.489,0.06,0.996,0.44
have,625.529,625.649,0.12,0.956,0.04
some,625.689,625.849,0.16,0.745,0.04
tips,625.929,626.21,0.281,0.905,0.08
for,626.31,626.49,0.18,0.83,0.1
you.,626.53,626.73,0.2,0.859,0.04
First,627.15,627.45,0.3,0.867,0.42
of,627.53,627.611,0.081,0.832,0.08
"all,",627.711,627.871,0.16,0.839,0.1
IELTS,628.411,628.851,0.44,0.664,0.54
exam,628.891,629.352,0.461,0.939,0.04
is,629.772,629.932,0.16,0.737,0.42
a,630.412,630.492,0.08,0.971,0.48
test,630.833,631.193,0.36,0.978,0.341
for,631.313,631.653,0.34,0.639,0.12
assessing,632.294,632.894,0.6,0.844,0.641
your,633.014,633.334,0.32,0.793,0.12
general,633.514,634.095,0.581,0.845,0.18
knowledge.,634.155,634.575,0.42,0.909,0.06
For,634.735,634.835,0.1,0.955,0.16
"example,",634.875,635.516,0.641,0.831,0.04
you,635.576,635.776,0.2,0.995,0.06
should,635.856,636.176,0.32,0.777,0.08
know,636.356,636.596,0.24,0.646,0.18
a,636.616,636.636,0.02,0.0,0.02
lot,636.917,637.137,0.22,0.88,0.281
of,637.197,637.257,0.06,0.768,0.06
topic-related,637.517,638.278,0.761,0.918,0.26
vocabularies,638.358,639.378,1.02,0.881,0.08
or,639.638,639.738,0.1,0.562,0.26
good,639.859,640.059,0.2,0.918,0.121
range,640.099,640.339,0.24,0.712,0.04
of,640.379,640.459,0.08,0.836,0.04
"grammar,",640.559,641.159,0.6,0.915,0.1
okay?,641.36,641.74,0.38,0.75,0.201
Although,642.821,644.622,1.801,0.759,1.081
actually,644.742,645.102,0.36,0.868,0.12
you,645.142,645.222,0.08,0.962,0.04
didn't,645.262,645.522,0.26,0.844,0.04
have,645.662,645.943,0.281,0.885,0.14
so,646.143,646.403,0.26,0.956,0.2
"many,",646.523,646.963,0.44,0.909,0.12
you,647.584,647.664,0.08,0.552,0.621
"know,",647.704,647.924,0.22,0.899,0.04
grammatical,648.044,648.904,0.86,0.894,0.12
points.,648.985,649.405,0.42,0.889,0.081
while,649.865,650.045,0.18,0.857,0.46
you,650.085,650.186,0.101,0.784,0.04
were,650.206,650.366,0.16,0.737,0.02
speaking.,650.466,650.926,0.46,0.936,0.1
Pay,651.207,651.307,0.1,0.796,0.281
attention,651.347,651.888,0.541,0.893,0.04
to,652.208,652.428,0.22,0.76,0.32
even,652.568,652.769,0.201,0.771,0.14
basic,652.869,653.329,0.46,0.844,0.1
grammars.,653.45,653.89,0.44,0.927,0.121
For,653.93,654.03,0.1,0.701,0.04
"example,",654.07,654.471,0.401,0.899,0.04
when,654.511,654.651,0.14,0.708,0.04
you,654.671,654.771,0.1,0.844,0.02
are,654.811,654.911,0.1,0.724,0.04
talking,654.971,655.312,0.341,0.879,0.06
about,655.412,655.792,0.38,0.913,0.1
a,655.812,655.832,0.02,0.0,0.02
past,656.193,656.733,0.54,0.936,0.361
"tense,",656.874,657.294,0.42,0.841,0.141
you,657.795,657.935,0.14,0.917,0.501
should,657.975,658.235,0.26,0.84,0.04
use,658.476,658.676,0.2,0.697,0.241
verbs,658.936,659.297,0.361,0.836,0.26
in,659.437,659.537,0.1,0.874,0.14
past,659.637,659.997,0.36,0.813,0.1
tense.,660.057,660.378,0.321,0.909,0.06
OK?,660.818,661.158,0.34,0.883,0.44
Or,661.599,661.699,0.1,0.777,0.441
when,661.719,662.279,0.56,0.579,0.02
you,662.299,662.659,0.36,0.857,0.02
are,662.679,662.739,0.06,0.0,0.02
speaking,662.839,663.159,0.32,0.937,0.1
in,663.199,663.26,0.061,0.69,0.04
present,663.34,663.76,0.42,0.882,0.08
"tense,",663.8,664.12,0.32,0.907,0.04
you,664.42,664.5,0.08,0.993,0.3
should,664.52,664.72,0.2,0.745,0.02
choose,665.701,666.041,0.34,0.802,0.981
present,666.281,666.842,0.561,0.841,0.24
verbs.,667.522,667.862,0.34,0.91,0.68
OK?,668.203,668.563,0.36,0.863,0.341
It's,668.803,668.923,0.12,0.862,0.24
very,668.963,669.143,0.18,0.95,0.04
important.,669.183,669.703,0.52,0.98,0.04
"Moreover,",670.784,671.324,0.54,0.92,1.081
pay,671.344,671.404,0.06,0.0,0.02
attention,671.665,672.125,0.46,0.89,0.261
to,672.165,672.265,0.1,0.966,0.04
some,672.365,672.665,0.3,0.99,0.1
grammatical,673.226,673.846,0.62,0.749,0.561
points.,673.926,674.266,0.34,0.835,0.08
For,674.286,674.386,0.1,0.916,0.02
"example,",674.446,674.907,0.461,0.965,0.06
after,675.107,675.387,0.28,0.871,0.2
modal,675.487,675.907,0.42,0.784,0.1
verbs,675.947,676.287,0.34,0.92,0.04
like,676.367,676.668,0.301,0.622,0.08
"can,",676.788,677.188,0.4,0.834,0.12
you,677.868,677.928,0.06,0.95,0.68
should,677.968,678.149,0.181,0.826,0.04
use,678.409,678.549,0.14,0.787,0.26
base,678.669,678.949,0.28,0.898,0.12
form.,679.029,679.249,0.22,0.688,0.08
For,679.449,679.549,0.1,0.871,0.2
"example,",679.589,679.99,0.401,0.929,0.04
I,680.31,680.41,0.1,0.781,0.32
can,680.57,680.91,0.34,0.867,0.16
play.,681.07,681.451,0.381,0.852,0.16
He,681.731,681.871,0.14,0.824,0.28
can,681.991,682.391,0.4,0.766,0.12
do.,682.671,682.891,0.22,0.933,0.28
All,683.312,683.412,0.1,0.768,0.421
right?,683.452,683.712,0.26,0.817,0.04
You,684.052,684.212,0.16,0.939,0.34
had,684.232,684.372,0.14,0.86,0.02
some,684.432,684.652,0.22,0.869,0.06
errors,684.833,685.153,0.32,0.72,0.181
and,685.193,685.273,0.08,0.656,0.04
mistakes,685.333,685.733,0.4,0.902,0.06
related,686.193,686.614,0.421,0.892,0.46
to,686.714,686.914,0.2,0.8,0.1
this,687.174,687.354,0.18,0.719,0.26
grammatical,687.474,688.215,0.741,0.901,0.12
point.,688.315,688.575,0.26,0.882,0.1
You,689.552,689.712,0.16,0.896,0.977
understand,689.812,690.513,0.701,0.811,0.1
what,691.273,691.393,0.12,0.949,0.76
I'm,691.433,691.573,0.14,0.534,0.04
talking,691.613,691.954,0.341,0.935,0.04
about.,692.014,692.334,0.32,0.896,0.06
You,692.394,692.494,0.1,0.997,0.06
can,692.534,692.754,0.22,0.724,0.04
get,693.154,693.415,0.261,0.767,0.4
what,694.015,694.195,0.18,0.846,0.6
is,694.235,694.335,0.1,0.72,0.04
the,694.355,694.455,0.1,0.911,0.02
"question,",694.535,695.056,0.521,0.913,0.08
but,695.376,695.516,0.14,0.89,0.32
sometimes,695.656,696.276,0.62,0.802,0.14
you,696.396,696.597,0.201,0.804,0.12
have,696.657,696.997,0.34,0.789,0.06
a,697.017,697.037,0.02,0.0,0.02
lot,697.257,697.457,0.2,0.781,0.22
of,697.497,697.557,0.06,0.812,0.04
hesitation.,697.697,698.478,0.781,0.883,0.14
You,698.558,698.638,0.08,0.973,0.08
need,698.678,698.838,0.16,0.932,0.04
to,698.878,699.018,0.14,0.886,0.04
think,699.258,699.538,0.28,0.958,0.24
for,699.759,699.919,0.16,0.884,0.221
a,699.939,699.959,0.02,0.992,0.02
long,700.039,700.359,0.32,0.94,0.08
time.,700.499,700.899,0.4,0.796,0.14
It's,701.32,701.5,0.18,0.905,0.421
not,701.6,701.8,0.2,0.886,0.1
good.,701.92,702.2,0.28,0.905,0.12
You,702.3,702.38,0.08,0.975,0.1
"know,",702.42,702.62,0.2,0.765,0.04
you,702.881,702.981,0.1,0.925,0.261
should,703.001,703.221,0.22,0.774,0.02
practice,703.621,704.121,0.5,0.802,0.4
a,704.141,704.161,0.02,0.0,0.02
"lot,",704.302,704.582,0.28,0.966,0.141
especially,704.922,705.442,0.52,0.92,0.34
at,705.562,705.662,0.1,0.699,0.12
home,705.742,706.023,0.281,0.836,0.08
in,706.323,706.383,0.06,0.985,0.3
front,706.423,706.623,0.2,0.724,0.04
of,706.683,706.763,0.08,0.95,0.06
a,706.823,706.883,0.06,0.667,0.06
mirror.,706.923,707.283,0.36,0.876,0.04
You,707.504,707.624,0.12,0.92,0.221
can,707.664,707.904,0.24,0.726,0.04
practice,708.024,708.524,0.5,0.86,0.12
it.,708.664,708.744,0.08,0.759,0.14
You,708.764,708.844,0.08,0.937,0.02
can,708.864,709.065,0.201,0.808,0.02
speak,709.105,709.305,0.2,0.875,0.04
with,709.345,709.505,0.16,0.911,0.04
yourself.,709.565,710.105,0.54,0.923,0.06
In,710.245,710.305,0.06,0.981,0.14
this,710.345,710.505,0.16,0.902,0.04
"case,",710.566,710.846,0.28,0.964,0.061
maybe,710.906,711.206,0.3,0.908,0.06
your,711.246,711.466,0.22,0.861,0.04
speaking,712.327,712.707,0.38,0.88,0.861
will,712.927,713.547,0.62,0.778,0.22
be,713.587,713.688,0.101,0.98,0.04
better.,713.728,714.028,0.3,0.941,0.04
For,714.899,715.039,0.14,0.895,0.871
"pronunciation,",715.079,715.94,0.861,0.805,0.04
or,716.1,716.2,0.1,0.736,0.16
for,716.32,716.44,0.12,0.956,0.12
improving,716.58,717.081,0.501,0.802,0.14
your,717.101,717.281,0.18,0.873,0.02
"pronunciation,",717.321,718.102,0.781,0.878,0.04
you,718.482,718.602,0.12,0.877,0.38
can,718.642,718.822,0.18,0.968,0.04
download,718.882,719.363,0.481,0.825,0.06
some,719.463,719.843,0.38,0.854,0.1
"audios,",720.083,720.624,0.541,0.777,0.24
or,720.864,720.964,0.1,0.501,0.24
you,721.004,721.124,0.12,0.895,0.04
can,721.164,721.404,0.24,0.86,0.04
buy,721.504,721.725,0.221,0.864,0.1
some,721.765,721.925,0.16,0.89,0.04
"books,",721.985,722.325,0.34,0.838,0.06
self-study,722.505,723.126,0.621,0.744,0.18
"books,",723.166,723.406,0.24,0.784,0.04
and,723.646,723.766,0.12,0.874,0.24
you,723.926,724.027,0.101,0.944,0.16
should,724.047,724.247,0.2,0.712,0.02
repeat,724.347,724.827,0.48,0.792,0.1
again,724.987,725.368,0.381,0.808,0.16
and,725.428,725.528,0.1,0.705,0.06
again.,725.568,725.948,0.38,0.925,0.04
You,726.288,726.388,0.1,0.893,0.34
can,726.408,726.529,0.121,0.89,0.02
listen,726.549,726.789,0.24,0.929,0.02
to,726.849,726.929,0.08,0.746,0.06
podcasts,727.009,727.85,0.841,0.861,0.08
or,728.03,728.13,0.1,0.45,0.18
songs,728.27,728.67,0.4,0.962,0.14
or,728.75,728.79,0.04,1.0,0.08
even,728.871,729.031,0.16,0.911,0.081
watch,729.091,729.291,0.2,0.625,0.06
movies.,729.351,729.791,0.44,0.912,0.06
It,730.152,730.232,0.08,0.756,0.361
would,730.252,730.412,0.16,0.746,0.02
be,730.432,730.532,0.1,0.988,0.02
really,730.612,730.912,0.3,0.757,0.08
helpful,730.972,731.373,0.401,0.893,0.06
to,731.393,731.433,0.04,0.995,0.02
improve,731.513,731.833,0.32,0.847,0.08
your,731.873,732.093,0.22,0.802,0.04
pronunciation.,732.153,732.994,0.841,0.86,0.06
Try,733.975,734.195,0.22,0.824,0.981
to,734.275,734.355,0.08,0.996,0.08
read,734.415,734.575,0.16,0.656,0.06
more,734.695,734.956,0.261,0.909,0.12
samples.,735.316,736.657,1.341,0.904,0.36
IL,737.037,737.317,0.28,0.76,0.38
samples,737.398,737.938,0.54,0.92,0.081
are,738.098,738.198,0.1,0.634,0.16
available,738.258,738.719,0.461,0.954,0.06
on,738.799,738.879,0.08,0.921,0.08
the,738.919,738.999,0.08,0.916,0.04
"internet,",739.019,739.559,0.54,0.845,0.02
and,739.619,739.699,0.08,0.958,0.06
if,739.779,739.86,0.081,0.861,0.08
you,739.92,740.12,0.2,0.926,0.06
read,740.46,740.66,0.2,0.749,0.34
them,740.74,741.0,0.26,0.934,0.08
and,741.201,741.301,0.1,0.792,0.201
repeat,741.361,741.741,0.38,0.847,0.06
their,741.781,741.961,0.18,0.941,0.04
ideas,742.081,742.642,0.561,0.867,0.12
or,742.742,742.822,0.08,0.603,0.1
grammatical,742.882,743.523,0.641,0.932,0.06
"features,",743.603,744.023,0.42,0.958,0.08
it,744.433,744.513,0.08,0.968,0.41
is,744.593,744.693,0.1,0.812,0.08
"really,",744.914,745.254,0.34,0.944,0.221
really,745.294,745.635,0.341,0.805,0.04
helpful.,745.735,747.177,1.442,0.861,0.1
In,748.658,748.698,0.04,1.0,1.481
this,748.739,748.879,0.14,0.991,0.041
"case,",748.959,749.259,0.3,0.846,0.08
you,749.459,749.64,0.181,0.938,0.2
got,749.68,749.94,0.26,0.782,0.04
"3.5,",749.96,751.422,1.462,0.918,0.02
which,751.902,752.043,0.141,0.984,0.48
is,752.103,752.203,0.1,0.708,0.06
not,752.283,752.523,0.24,0.858,0.08
"bad,",752.603,752.924,0.321,0.976,0.08
but,753.004,753.184,0.18,0.859,0.08
that's,753.244,753.444,0.2,0.785,0.06
really,753.545,753.805,0.26,0.912,0.101
good.,753.885,754.225,0.34,0.807,0.08
You,754.526,754.626,0.1,0.997,0.301
should,754.646,754.826,0.18,0.851,0.02
try,754.866,755.066,0.2,0.852,0.04
harder,755.147,755.527,0.38,0.808,0.081
than,755.567,755.727,0.16,0.914,0.04
this.,755.767,755.968,0.201,0.904,0.04
Thank,756.408,756.588,0.18,0.331,0.44
you.,756.608,756.689,0.081,0.004,0.02
You're,757.069,757.229,0.16,0.941,0.38
very,757.269,757.409,0.14,0.518,0.04
welcome.,757.429,757.79,0.361,0.871,0.02
Hi,768.204,768.344,0.14,0.994,10.414
"there,",768.364,768.644,0.28,0.63,0.02
I,769.085,769.145,0.06,0.997,0.441
have,769.185,769.305,0.12,0.907,0.04
some,769.325,769.505,0.18,0.862,0.02
tips,769.545,769.805,0.26,0.847,0.04
for,769.865,770.045,0.18,0.887,0.06
you.,770.106,770.266,0.16,0.994,0.061
Be,771.246,771.387,0.141,0.976,0.98
"careful,",771.507,772.227,0.72,0.901,0.12
be,772.527,772.607,0.08,0.998,0.3
careful,772.648,773.108,0.46,0.849,0.041
about,773.268,773.588,0.32,0.963,0.16
your,773.648,773.828,0.18,0.892,0.06
general,773.929,774.349,0.42,0.933,0.101
English.,774.449,774.889,0.44,0.851,0.1
It's,775.53,775.67,0.14,0.86,0.641
really,775.75,776.01,0.26,0.846,0.08
important,776.05,776.551,0.501,0.923,0.04
to,776.611,776.691,0.08,0.992,0.06
have,776.771,776.991,0.22,0.935,0.08
at,777.231,777.331,0.1,0.861,0.24
least,777.431,777.732,0.301,0.802,0.1
intermediate,778.352,779.033,0.681,0.95,0.62
level,779.093,779.473,0.38,0.748,0.06
or,779.673,779.773,0.1,0.8,0.2
upper,779.973,780.193,0.22,0.767,0.2
intermediate,780.233,780.994,0.761,0.95,0.04
level.,781.034,781.354,0.32,0.89,0.04
So,781.535,781.695,0.16,1.0,0.181
for,781.975,782.135,0.16,0.778,0.28
those,782.215,782.535,0.32,0.856,0.08
who,782.876,783.336,0.46,0.827,0.341
are,783.356,783.416,0.06,0.001,0.02
beginner,783.556,784.117,0.561,0.947,0.14
or,784.297,784.377,0.08,0.863,0.18
"starter,",784.517,785.117,0.6,0.918,0.14
it's,785.217,785.358,0.141,0.876,0.1
not,785.478,785.678,0.2,0.717,0.12
a,785.698,785.738,0.04,0.495,0.02
good,785.798,785.958,0.16,0.931,0.06
idea,786.038,786.358,0.32,0.794,0.08
to,786.418,786.518,0.1,0.994,0.06
participate,786.619,787.339,0.72,0.903,0.101
in,787.399,787.479,0.08,0.812,0.06
IELTS,787.659,787.92,0.261,0.605,0.18
speaking,788.02,788.4,0.38,0.889,0.1
test,788.48,788.76,0.28,0.768,0.08
or,789.0,789.12,0.12,0.748,0.24
totally,789.221,789.701,0.48,0.873,0.101
in,789.981,790.081,0.1,0.824,0.28
IELTS,790.341,790.642,0.301,0.576,0.26
test.,790.722,791.022,0.3,0.941,0.08
In,791.362,791.422,0.06,0.994,0.34
this,791.442,791.582,0.14,0.926,0.02
"case,",791.622,791.863,0.241,0.902,0.04
you,792.243,792.363,0.12,0.889,0.38
cannot,792.403,792.903,0.5,0.881,0.04
gain,793.084,793.484,0.4,0.747,0.181
a,794.104,794.204,0.1,0.82,0.62
good,794.485,794.765,0.28,0.966,0.281
score.,794.805,795.205,0.4,0.927,0.04
"Well,",796.286,796.506,0.22,0.989,1.081
candidates,796.926,797.567,0.641,0.878,0.42
who,797.707,797.827,0.12,0.885,0.14
are,797.887,798.007,0.12,0.777,0.06
beginners,798.087,798.527,0.44,0.779,0.08
cannot,798.607,799.027,0.42,0.929,0.08
make,799.167,799.447,0.28,0.724,0.14
complex,799.967,800.548,0.581,0.93,0.52
sentences.,800.808,801.428,0.62,0.866,0.26
Even,801.808,802.028,0.22,0.704,0.38
they,802.088,802.248,0.16,0.869,0.06
have,802.288,802.468,0.18,0.816,0.04
problems,802.548,803.008,0.46,0.796,0.08
when,803.229,803.349,0.12,0.937,0.221
they,803.369,803.509,0.14,0.847,0.02
want,803.549,803.729,0.18,0.791,0.04
to,803.769,803.849,0.08,0.772,0.04
make,803.889,804.089,0.2,0.859,0.04
simple,804.229,804.629,0.4,0.887,0.14
sentences.,804.689,805.289,0.6,0.922,0.06
So,806.05,806.23,0.18,0.894,0.761
it's,806.51,806.65,0.14,0.791,0.28
important,806.69,807.15,0.46,0.93,0.04
to,807.23,807.33,0.1,0.733,0.08
improve,807.37,807.73,0.36,0.83,0.04
your,807.77,807.99,0.22,0.854,0.04
grammatical,808.25,808.971,0.721,0.925,0.26
range.,809.071,809.331,0.26,0.783,0.1
They,810.411,810.551,0.14,0.711,1.08
have,810.591,810.791,0.2,0.824,0.04
a,810.951,810.991,0.04,0.663,0.16
lot,811.051,811.231,0.18,0.988,0.06
of,811.271,811.351,0.08,0.787,0.04
hesitation.,811.471,812.292,0.821,0.863,0.12
They,812.752,812.932,0.18,0.798,0.46
think,812.992,813.252,0.26,0.794,0.06
about,813.372,813.792,0.42,0.88,0.12
what,813.992,814.132,0.14,0.881,0.2
they,814.172,814.312,0.14,0.791,0.04
want,814.352,814.553,0.201,0.838,0.04
to,814.593,814.693,0.1,0.766,0.04
say,814.813,815.173,0.36,0.833,0.12
and,815.493,815.633,0.14,0.775,0.32
how,815.913,816.173,0.26,0.939,0.28
they,816.233,816.373,0.14,0.912,0.06
want,816.433,816.633,0.2,0.662,0.06
to,816.653,816.733,0.08,0.823,0.02
say.,816.813,817.093,0.28,0.724,0.08
They,817.514,817.634,0.12,0.862,0.421
cannot,817.674,818.114,0.44,0.888,0.04
speak,818.754,819.074,0.32,0.976,0.64
smoothly,819.674,820.195,0.521,0.851,0.6
and,820.335,820.455,0.12,0.834,0.14
fluently.,820.615,821.255,0.64,0.861,0.16
"Unfortunately,",822.821,823.922,1.101,0.851,1.566
these,824.142,824.362,0.22,0.888,0.22
candidates,824.462,825.222,0.76,0.839,0.1
have,825.402,825.763,0.361,0.742,0.18
a,825.783,825.803,0.02,0.0,0.02
plethora,826.043,826.683,0.64,0.908,0.24
of,826.743,826.823,0.08,0.871,0.06
problems,826.923,827.523,0.6,0.877,0.1
in,827.664,827.744,0.08,0.86,0.141
terms,827.804,828.144,0.34,0.89,0.06
of,828.324,828.404,0.08,0.897,0.18
pronunciation,828.764,829.484,0.72,0.876,0.36
features.,829.544,830.045,0.501,0.875,0.06
So,830.645,830.845,0.2,0.876,0.6
I,831.806,831.886,0.08,0.713,0.961
highly,832.006,832.326,0.32,0.975,0.12
recommend,832.386,832.926,0.54,0.887,0.06
you,833.006,833.246,0.24,0.888,0.08
not,833.667,833.907,0.24,0.78,0.421
to,834.067,834.307,0.24,0.869,0.16
participate,834.667,835.527,0.86,0.928,0.36
in,835.628,835.688,0.06,0.998,0.101
IELTS,835.988,836.388,0.4,0.802,0.3
exam,836.748,837.208,0.46,0.909,0.36
when,837.488,837.669,0.181,0.768,0.28
you,837.689,837.809,0.12,0.919,0.02
are,837.889,838.029,0.14,0.795,0.08
starter,838.249,839.169,0.92,0.866,0.22
or,839.189,839.229,0.04,0.0,0.02
beginner.,839.309,839.81,0.501,0.966,0.08
Please,840.45,840.85,0.4,0.892,0.64
improve,840.99,841.33,0.34,0.868,0.14
your,841.37,841.551,0.181,0.895,0.04
general,841.651,842.051,0.4,0.874,0.1
English,842.151,842.511,0.36,0.876,0.1
at,842.871,842.991,0.12,0.648,0.36
least,843.051,843.311,0.26,0.666,0.06
up,843.552,843.672,0.12,0.808,0.241
to,843.752,843.952,0.2,0.751,0.08
intermediate,844.452,845.152,0.7,0.908,0.5
or,845.413,845.533,0.12,0.626,0.261
upper,845.993,846.193,0.2,0.708,0.46
intermediate,846.213,846.873,0.66,0.878,0.02
level.,846.933,847.233,0.3,0.896,0.06
Thank,847.914,848.134,0.22,0.895,0.681
you.,848.154,848.294,0.14,0.989,0.02
